prot_dim,comp_dim,hdims,kaiming_constant,dprob,tr_batch_size,val_batch_size,test_batch_size,optimizer,optimizer__sgd__weight_decay,optimizer__sgd__nesterov,optimizer__sgd__momentum,optimizer__sgd__lr,optimizer__adam__weight_decay,optimizer__adam__lr,optimizer__adam__amsgrad,optimizer__adadelta__lr,optimizer__adadelta__weight_decay,optimizer__adadelta__rho,optimizer__adagrad__lr,optimizer__adagrad__lr_decay,optimizer__adagrad__weight_decay,optimizer__adamax__lr,optimizer__adamax__weight_decay,optimizer__rmsprop__lr,optimizer__rmsprop__weight_decay,optimizer__rmsprop__momentum,optimizer__rmsprop__centered,score
8421,1024,"[3710, 1602, 4316]",4,0.07895333180807006,128,512,512,adadelta,0.0011169105085938318,True,0.007478155724632509,0.007459155340067519,0.002899987766155658,0.00040019607388910096,True,0.0012889215049603328,0.051069822050525036,0.035714566043029326,0.1221650779631915,0.066856527296119,0.002992922730182325,0.42813451438371275,0.018416000127050833,0.018903792722959698,0.010598871074605358,0.019800622263578854,False,-0.06773506957396822
8421,1024,"[3508, 1645]",5,0.07296903693621623,256,512,512,rmsprop,0.07399259566534458,True,0.043332732108003764,0.0017494920533842428,0.00033306027832292204,0.08487596261508291,True,0.0004485272279555525,0.08278303443837146,0.007581444415066027,0.19884256505921055,0.054971073283496735,0.0002726237056340618,0.18995680993231479,0.010537441854636731,0.1415166653446388,0.008250732846834684,0.22887598547322852,False,-0.8649301454355008
8421,1024,"[4368, 1925]",2,0.09673672147145909,512,512,512,adadelta,0.030150959875632013,False,0.9626345147136841,0.002804851858839495,0.5880414504204503,0.6728098985065236,True,0.0008890565016081524,0.0337706143947578,0.00032062024154330205,0.762614512820708,0.006191916805277459,0.10939815165597183,0.0002889215627997708,0.014422691111316431,0.1687791047347661,0.06686979409337762,0.0005349213920901685,False,-0.22877535689233622
8421,1024,"[1486, 3768]",9,0.7622960840362503,512,512,512,sgd,0.005572833522443302,True,0.039069035116713856,0.0029436391171289377,0.00032175397378433147,0.21303267529281017,True,0.0004956549980799106,0.5472097568184349,0.9518901798479558,0.0002832835850685792,0.00022632235863834796,0.15935618064846604,0.7758798265424692,0.0005378489454961161,0.10781756632015856,0.5965789862028578,0.5367309766101652,False,-0.27416404447388654
8421,1024,[4674],4,0.02096589007242522,64,512,512,adadelta,0.0008701930673650501,True,0.004669986752107472,0.0005503325348566654,0.04484711045126157,0.00019484698125457159,True,0.0009849723627253948,0.48239650988823624,0.0003651267884888429,0.0005175872233165987,0.00022935771938492226,0.3058265672142812,0.4708468308326041,0.2794716177372346,0.025263013816302606,0.020080409062638794,0.005638018350580765,False,-0.09741152658485173
8421,1024,[1406],9,0.014313395707417086,32,512,512,adagrad,0.0020200404063539217,False,0.00013715430034954188,0.43447069791765236,0.5854630045824011,0.004445599390085457,True,0.00020796739274352472,0.06083361232767287,0.010665692777425231,0.00012093684385522628,0.05081207446214925,0.17447423403517023,0.06012894266613808,0.04202931374486767,0.0019137219868880474,0.6091721167465287,0.0005937244809302268,False,-0.30447359085134135
8421,1024,[3486],6,0.14635847585583434,32,512,512,adam,0.11142955012686785,False,0.6715965116273291,0.061974446245925505,0.00011958348494170784,0.0069499344712812255,True,0.011491116462049093,0.00011134888216878029,0.03156878665108484,0.4091168486857743,0.014202505094289834,0.00014059896899323854,0.04292176236247205,0.0006372488598895612,0.0006376974423602654,0.14689493217732577,0.016847256683657285,True,-0.10994762293456038
8421,1024,"[2127, 3434]",5,0.012786692073342485,32,512,512,adadelta,0.0010507024556214676,False,0.0001175641903808068,0.21258515355837782,0.012636338911962754,0.006371446828853378,True,0.026652934953281367,0.0004442991555110928,0.0024741712478156676,0.00015290168344043892,0.012359448448357731,0.0003050884816851374,0.0006779050494476245,0.08681002958645016,0.0008917577742169917,0.0005117459556442006,0.0387284858886729,True,0.061134651631335316
8421,1024,"[3007, 1477]",4,0.7253208563039258,32,512,512,adagrad,0.0024316829724503387,False,0.0030681319782846195,0.00013488221172096567,0.07487380514730327,0.10337602173243796,False,0.7274781018192554,0.010816813029836666,0.9917033063665172,0.00027746331993852097,0.043894500811373305,0.002997279320574516,0.04755254976976652,0.00027799759941427797,0.001209791249815983,0.41948545035216445,0.0014900305443010403,True,-0.3907537754346973
8421,1024,"[690, 1903]",6,0.04347043659139793,32,512,512,adamax,0.04025415695791301,True,0.14980954505576433,0.04514835009150625,0.049158704535969946,0.0002957301443146488,True,0.00014541831195666143,0.02040922847819235,0.10468099591380704,0.33916126875741986,0.062486552889322276,0.26238866150542806,0.4278146087668259,0.003874995595223224,0.034934151631952945,0.005517198756032771,0.17165526045358587,True,-0.4774682674452083
8421,1024,"[969, 4360]",3,0.040928949149789076,32,512,512,adam,0.00015318333584231857,False,0.001764016435264543,0.1523293288435915,0.013099207032830814,0.0005809576959118019,True,0.44706331013830886,0.04100351794709224,0.0001669313253701685,0.010845212753361297,0.08304145122811803,0.03616638675103792,0.14367774056416052,0.020663304295270073,0.134232674033001,0.000413990114388691,0.014959518109323113,False,-0.09305711146362637
8421,1024,"[3024, 4199]",5,0.8187735753973043,32,512,512,adam,0.2186423208594659,False,0.00917050159204494,0.0649223057718896,0.00015812243722123384,0.0005446727415794135,False,0.00011235582905691045,0.023193135487402223,0.00237852427663219,0.02384444433488271,0.09345608352448745,0.4670778753331914,0.08821828598900582,0.08205037796313304,0.02543569924966619,0.18216119888266447,0.00015301231531118708,False,-0.14831053217484894
8421,1024,"[3795, 2248, 2769, 2117]",5,0.07392271395788466,256,512,512,rmsprop,0.2309510681827871,True,0.01325473188022968,0.0036420176352328355,0.0005184831155310705,0.011898602843221924,False,0.1520173320497384,0.000826912869805892,0.33433558209733644,0.00011537077600583523,0.09413240528469181,0.02605115040529632,0.00274273096693981,0.0038035004873835146,0.00023539537088093407,0.00014668786400881173,0.006220822334437528,False,0.3265571803110185
8421,1024,"[1120, 3569, 455]",9,0.04403615281626085,512,512,512,adadelta,0.00011956680701985018,False,0.021776385527757416,0.0010508437640549852,0.14082313415176756,0.026963962573887005,True,0.00026578993350661435,0.010326855746431917,0.019752286602366487,0.05989829323718959,0.00021508239256916897,0.008501707458982263,0.0006079873267386375,0.0003710161810967046,0.00020439514775322712,0.061161350132706994,0.043727694865160587,True,-0.4164177667642267
8421,1024,[748],8,0.11077554700824398,128,512,512,adagrad,0.00011735717839020287,True,0.0022663392111541606,0.030656496225335353,0.28662021107909474,0.005563417194225319,True,0.10231690296700195,0.00795307566259994,0.007068808618829029,0.0013576459970961704,0.03635219206177359,0.0006442725368411663,0.003078311780981174,0.7025440692976084,0.006517543122789039,0.00035673984417040037,0.005366650954089746,False,-0.12183374507489719
8421,1024,"[2495, 2233, 3551]",3,0.024721323755780795,64,512,512,adam,0.00034215971983614526,False,0.033520372374840575,0.00032679206388217305,0.004335087117417231,0.0008312803901287363,True,0.0030477095206055626,0.13375974565606688,0.0005926816673068562,0.015225635071883155,0.0004158286458814142,0.8139089897707686,0.7144547509958702,0.6993516156111522,0.0010842269432213708,0.0011714846585235408,0.0022225933340625516,True,0.018315157594441838
8421,1024,"[279, 3291]",6,0.04950910041763818,512,512,512,rmsprop,0.0007979396065008112,False,0.002367416234288354,0.005654911905699465,0.004100068727366986,0.20091954083963587,False,0.21657428731842324,0.0009597089818046853,0.00012186918363102351,0.00011190900780116064,0.000705530526236074,0.019103422823989157,0.3177055803673536,0.10638406981915664,0.32466670053278357,0.0002923740707307056,0.006048099581680328,True,-12.934870249767387
8421,1024,"[1186, 961]",3,0.19492598939499434,512,512,512,adamax,0.8551336620256011,False,0.00031489131514377184,0.01527709370096805,0.034507820229570906,0.08000183604271598,True,0.00015473523056003068,0.0005827677914879928,0.2192212034967111,0.14852508187809157,0.002386677821300585,0.0008736613820457062,0.0005737736752928237,0.2221514921464294,0.00011574089807992614,0.12268507612991549,0.004388723978529483,False,0.16395384505668062
8421,1024,"[1857, 2597, 2206]",7,0.02955867237092062,128,512,512,rmsprop,0.4956598530652126,True,0.08763711712559719,0.00016808966831895084,0.0002398204251548141,0.016811822351351244,False,0.08204132280201584,0.011564341442020504,0.04430895985091961,0.0008006739903229722,0.01247077861187511,0.0003300030716051027,0.00010396161069001042,0.13202500724560445,0.003575316484655434,0.0004073716085382498,0.00016559737958413335,False,0.13836451417488188
8421,1024,[2718],7,0.06393656798601938,256,512,512,sgd,0.0009603589329129112,False,0.004533066616792249,0.00045545476642572415,0.018901548782289463,0.0031633131531938834,False,0.0009508290333170173,0.006618308427668817,0.201312915183811,0.0002418483521274742,0.1501927154354909,0.0025108858707672075,0.00017951989605036913,0.12755029845511315,0.12482622508487834,0.00039149332195201195,0.0004890799916553513,True,-0.1892424501276677
8421,1024,"[3743, 623, 3073, 3247]",9,0.015893399136636288,512,512,512,sgd,0.0018226219640210663,True,0.39732157709998256,0.006621349558442811,0.04091658579873403,0.02726570775149195,False,0.0059780791620026984,0.8778590235219117,0.0004068291085978843,0.00020526767039326968,0.006278866339387821,0.08470626505538989,0.00010940672025448511,0.02932404518105903,0.0016802674828256775,0.0017385605110707327,0.018313179041174996,False,0.01901519149345625
8421,1024,[4956],5,0.07105580855261924,128,512,512,rmsprop,0.8182466817348854,True,0.00020709189139812715,0.030548796007025095,0.0725374400629705,0.004826744262749192,False,0.8842294927570907,0.0016082245662630828,0.005500914944844194,0.003281684590419979,0.0025931334773922833,0.024513871699427973,0.026800378085834325,0.0002902455335104772,0.0001629593100506663,0.10255232753616472,0.0013417843285507723,False,0.014334487457881554
8421,1024,"[4843, 1520, 632, 338]",7,0.16803540276642862,128,512,512,sgd,0.19457646806642503,False,0.0005381869234035349,0.00246812737314403,0.00027531038672759447,0.6566600541529609,False,0.004294745962186173,0.00022513324100821992,0.05425721687055678,0.20049675811108236,0.03074125965602634,0.005230022316283855,0.0039905438430338684,0.02465206136341729,0.00010510057422241352,0.8652068400232925,0.00031430181261915075,False,0.13164614520951795
8421,1024,"[1210, 1902, 4766]",5,0.0619520976394618,64,512,512,adamax,0.00037093706259644637,True,0.00200568956591222,0.003682758390644342,0.02864718506299034,0.23074547667834963,True,0.3235927016195526,0.0003291186612330895,0.008356182037443007,0.05291828138934586,0.0013254808721245529,0.00013891503647494598,0.8623763241114356,0.10105511023380304,0.047289644603445515,0.1794519866548307,0.000995716217287798,True,-12.862086931581176
8421,1024,[843],6,0.023120268041039456,128,512,512,adam,0.0006695781274610211,False,0.0028377514125312972,0.018644969870560437,0.028749956285687512,0.0021342155809130855,False,0.00011472641327278828,0.00010726716982226721,0.03343162452140322,0.07715473213668718,0.006080483213128001,0.055329345295513546,0.0005018424622897553,0.00020970434685587511,0.001522098624603302,0.001082605328665219,0.02230709573756197,False,-0.10337405219715602
8421,1024,"[3037, 4518, 729, 3097]",5,0.9560101230381413,512,512,512,sgd,0.03133693255734121,False,0.0002912303269953414,0.0005766835665576816,0.005318973839777423,0.0012070077496627411,True,0.002672630991637823,0.0006415341381791363,0.0004019577552395847,0.0004859706856751702,0.02657328772843905,0.000731128123830343,0.015319136188278525,0.025471281537192247,0.0001180425820009658,0.4779682908567416,0.019889546600977522,True,-0.5921483786678938
8421,1024,"[3170, 3726, 4371, 3697]",3,0.4971050129578641,256,512,512,adadelta,0.01022838879336084,True,0.04533168863134861,0.13271975816598347,0.027319527017082373,0.0853209470711471,True,0.009084036324555945,0.013485730892998668,0.027796141174432874,0.2712510002680533,0.6473570047216061,0.00010984309590632087,0.000709792647469821,0.017408624816634695,0.002062893264136154,0.06443942430155071,0.017869719911765756,True,-0.20372200487779632
8421,1024,"[2132, 2434, 4430]",8,0.801103294460206,512,512,512,adam,0.16836110343531338,True,0.00020503696198487313,0.003131831935552905,0.015793542788772177,0.00043639701785457566,False,0.004374420844531739,0.00042612195208398544,0.15042707468428967,0.018179706458098962,0.00029188287549062177,0.001216663319219431,0.00389058441722826,0.0014956358290519368,0.07148397352149774,0.020326160354312253,0.04830728093410683,False,-0.08055662176235003
8421,1024,"[2112, 259, 2042, 932]",7,0.485773107816036,64,512,512,sgd,0.3494347099296986,False,0.0014379947866142693,0.005274839438462889,0.024003676129797976,0.00019480968718495878,False,0.0003392302516992186,0.002020670929469388,0.0002527819258805503,0.00010840299657305963,0.13076482355789631,0.0017209724593419582,0.00021129191952296624,0.8519210708611388,0.0006339339544692847,0.4389228600579614,0.00021566655953720261,True,-0.14361564654308678
8421,1024,"[3586, 3132, 3441, 3893]",7,0.027054752482590844,128,512,512,adam,0.0001498593144034802,False,0.08433782791347998,0.04994431706838828,0.3113042135610129,0.6271917366259423,True,0.0009758356078014209,0.0010948590268495635,0.8170937613556903,0.002292210043802396,0.11847764988942101,0.00604758087832596,0.23160178782954424,0.0012677741081722196,0.005069434680486374,0.0001936326330859779,0.0006505599076526058,True,-0.6084077776615936
8421,1024,"[4316, 3649, 568]",9,0.08793100962058512,512,512,512,adamax,0.004031110795547888,False,0.011925037785734215,0.020970089093418198,0.013837007979427338,0.009973589126459365,False,0.011602311223940488,0.002411203439026376,0.44217325825929027,0.10427985746836803,0.1528173462151843,0.42864064245734673,0.00025156025110698125,0.04583423224778215,0.08188498891757069,0.2865251403037084,0.0004725982469282703,True,0.3262372790345863
8421,1024,"[538, 4549]",2,0.08067765122439927,256,512,512,adadelta,0.010113932733302765,True,0.05023106809266598,0.004848275013846488,0.005868679330489679,0.000901507071273592,False,0.02318419059619093,0.0005623029660325047,0.0035575203214951723,0.9395407834831437,0.10456089176081633,0.005218592302718254,0.2867283375209189,0.0017127493693590199,0.05545518215474773,0.1396382612238262,0.00017366866062402633,True,0.19229599615415932
8421,1024,[915],3,0.012396250568401414,64,512,512,adam,0.0001749108335571778,False,0.8448192087755021,0.00847070988130166,0.0017515741182527792,0.5813971100172077,False,0.00016678805603804437,0.10111323026517055,0.8195761456007203,0.0005792767665082159,0.0004008727093076785,0.00713210939962388,0.00026780034022456516,0.19224882819956482,0.07967563018477512,0.8283255554288119,0.004637360654791689,True,-12.795536458009037
8421,1024,"[4789, 332, 2385, 4508]",6,0.014969912974419335,256,512,512,adadelta,0.1075566880898009,True,0.00018280601822958132,0.0001560810672227481,0.4371015861069123,0.5542460434688513,True,0.1424737073987651,0.014214554616748238,0.5070079905497772,0.00011779673851610909,0.27554610222811365,0.0005940002938774518,0.00014698760918627145,0.0014320413199403787,0.44238062991526544,0.0043657622222507885,0.30418234269429256,True,0.2962675374178268
8421,1024,"[1950, 717]",4,0.031206521165101295,32,512,512,adadelta,0.0010193860815134773,True,0.06802875279422524,0.0004924610424026106,0.00173273327122118,0.010395896515879367,False,0.0008618925866769508,0.5312133288609717,0.020583469023010125,0.36967791363423935,0.0008119629903491721,0.0010890244198545876,0.0005770314842306029,0.45638476719213067,0.3183891361849545,0.0323400610129829,0.025255977189815884,True,-0.17734347040798926
8421,1024,[1473],8,0.5073110617451605,512,512,512,adagrad,0.4635361750063531,True,0.04227204091582742,0.04887189438863173,0.00022487992421994102,0.015952756215300307,True,0.0004127477648285235,0.0035521114337201828,0.00705218460144581,0.05972782239346462,0.010927552242811955,0.0805716160459676,0.015022014355571017,0.0008408765337735937,0.003148024306570581,0.0018961042603344708,0.0002698565464988078,False,-0.13080868218467315
8421,1024,"[2401, 934, 1196]",9,0.05623535407780219,256,512,512,adadelta,0.5805023187218755,False,0.000428802290599082,0.0030708966721948506,0.06430487368839147,0.011729056682565752,True,0.09431200015024799,0.5990618886845837,0.2461837006918561,0.2314087199045179,0.045144192110881054,0.001534708960920869,0.0676947525213456,0.004957157610109027,0.0022105459915706823,0.0050540624238074455,0.7626754018147317,True,-0.19948508381997482
8421,1024,"[3526, 2243, 4740, 1580]",5,0.5457890017510196,64,512,512,sgd,0.009122547934707202,True,0.1389386797269193,0.0003764291181737337,0.0032447582763637235,0.16768704781038132,False,0.0034579112826787113,0.006766108554401022,0.007795796595175938,0.0003344081095645064,0.00035891711937910783,0.00041610792647327514,0.0015495060096607336,0.026927692914785542,0.08368024046833107,0.00015039363003174902,0.6589616623822454,False,-0.4082589305711178
8421,1024,"[4158, 2262]",6,0.040775986195562136,128,512,512,adagrad,0.017257004753973466,False,0.0002556759571626856,0.0001342438660410606,0.013292822586093484,0.0004838026787261661,True,0.2050818635237595,0.12719346449510952,0.43629299373469066,0.07360509190825583,0.04324308814571247,0.019533630411749048,0.00021639296265748534,0.008829268607294737,0.2853217197351828,0.010986866287491598,0.008825061252160402,False,0.11873750509570219
8421,1024,"[2224, 4995, 785, 4116]",8,0.15371887073006804,512,512,512,adamax,0.02059127845805496,True,0.00022731461770238008,0.8590175520602151,0.006445121079275676,0.06777717732367275,False,0.00010339037090314778,0.08484565834602908,0.0003460326630792341,0.1265644569964214,0.001152590933849565,0.05748390872954762,0.6049445184879105,0.0002878845402333188,0.007853200600026531,0.00015800608067487596,0.0014129166057654744,False,-0.7982548877724
8421,1024,"[2260, 3304]",2,0.7070231766046037,512,512,512,sgd,0.10423302601170635,False,0.23470227034995836,0.001699469849514515,0.0011985572966619288,0.014492101141772766,False,0.0002215190064472096,0.03429905726422374,0.0009226582955213623,0.0010772713950992843,0.6078988613633228,0.5986449697908117,0.0019657534043049027,0.00047464546344209833,0.0002078511284699845,0.27123610985188146,0.004639158035197164,True,-0.31102441262964137
8421,1024,[2523],9,0.5334681759947788,64,512,512,adam,0.0004559960194645203,True,0.010558435769513754,0.0008392122105406202,0.39936577704613463,0.012477402181351037,True,0.010696694609844194,0.2233287975572485,0.00035707694935761244,0.20908222968765622,0.5602708970078952,0.1561773644997393,0.007181085732730199,0.0002996706579960113,0.3859076368266226,0.00010311344654167236,0.00014793716597505572,False,-0.5510911999635376
8421,1024,"[3367, 2921, 1920]",2,0.6138524543292606,32,512,512,adam,0.01735330526409795,True,0.0005472148448374818,0.16473014884661696,0.0002585780681333689,0.04275431350962716,True,0.0006287686611167474,0.681847835197832,0.00019595740700057497,0.00013181436811754378,0.6263789312844106,0.0006146019125049707,0.2510307773365728,0.001996056302248157,0.00022784570858652424,0.0002348994249775747,0.1400491460521581,False,-0.4560072833764144
8421,1024,[1505],2,0.4132123498071614,256,512,512,sgd,0.0452003020205588,False,0.00803457373482662,0.00011273209701297292,0.00014415405912412103,0.0006122565746562404,True,0.4312766996782127,0.00013259502779887543,0.4871613521565284,0.0005975997211153093,0.6453382873959846,0.19309924121852662,0.02124446400804016,0.0001313998652671728,0.020227863718247637,0.2803930460194952,0.20096108814489017,False,-0.3641526824543895
8421,1024,"[2297, 4692, 2685, 3640]",2,0.05976301907885896,32,512,512,rmsprop,0.00041252413386839797,False,0.03644463214850411,0.0005445517419602643,0.18265133028148686,0.00013014793566899037,False,0.15717461947574224,0.004479888489118047,0.13113418806334878,0.00035512104568418047,0.0002260133713254874,0.26073007154124367,0.008325787036842662,0.0011874721351894234,0.054939333696806286,0.022229642943391578,0.36245017182853806,False,-117.1403821033383
8421,1024,[1584],3,0.04990045821298909,512,512,512,adamax,0.00030720098595212223,False,0.00010430348298919224,0.1182731677345297,0.0010746840848556989,0.0008005157952483738,False,0.5264340529355118,0.12147311333315827,0.06632578287870954,0.43630103740966386,0.10446992009987743,0.0007101440307539049,0.08532294277315475,0.009408863785498062,0.2874645948518065,0.004297853278250477,0.003601791797989889,True,0.017765987617135683
8421,1024,"[594, 1074, 2822]",7,0.011103534574938987,512,512,512,adadelta,0.00037713115226402664,False,0.31546801013029163,0.0005879162155880263,0.11450675247870612,0.0033476776070128582,True,0.017441251646399168,0.0001899359575232861,0.22525931564042018,0.0013181566171965161,0.0971131897294603,0.0017706916300586717,0.17278834632375129,0.6439853404876548,0.0007258226329227104,0.0005372976976067979,0.22401682782007237,True,0.1628908130179283
8421,1024,"[4491, 4433, 3362]",2,0.014406169522508627,512,512,512,adamax,0.000605063898374342,True,0.0005538113027730468,0.010661688848786965,0.5562034646081034,0.00011816616932368944,True,0.0001640812630816901,0.012642456834154638,0.6301738253478372,0.005073354345963257,0.07481625197867878,0.0397023995426454,0.04206600017166005,0.0118888256785334,0.003507200939663401,0.02191480649674476,0.6058750929673188,True,0.23507721069605836
8421,1024,"[2308, 2195]",8,0.33098625148636907,64,512,512,rmsprop,0.0017529158228007783,True,0.18077135337339093,0.14251139407889665,0.00011527998372399231,0.06664291615985157,False,0.00471234153211489,0.03085588896128026,0.0007073881442944865,0.014115672252339659,0.061222526666444656,0.00016916460511156157,0.44792525474709,0.29994070970197956,0.028195164321991446,0.05853970392444436,0.002849545612080687,False,-4.325059942189005
8421,1024,"[2475, 3421]",5,0.01982488950774782,128,512,512,adadelta,0.000249184808582027,False,0.00014956518352260634,0.4613953159514979,0.009263278877132637,0.021520619805465234,False,0.3822321119812098,0.0005711190881244136,0.003367873368015731,0.00011448781380554867,0.055346528522297336,0.0025215499924005715,0.00010888911019388163,0.007396492664346094,0.0017128252531856565,0.025308959325978566,0.3394233869112698,True,0.2168314338909926
8421,1024,"[3502, 1456, 3321, 4515]",6,0.7119480178891694,128,512,512,sgd,0.0013730385066423,False,0.0008315318599415043,0.00173096683429277,0.16902485588413,0.0011841274193188408,False,0.40602089829583554,0.020320580192844988,0.02678716878843341,0.7131738337526058,0.0002910191865770326,0.001968246836683404,0.0007708506942480744,0.0021732816738347107,0.04246189377668723,0.009393436336929063,0.3055053952074143,False,-0.5231166187865371
8421,1024,[2497],3,0.05939694247572884,512,512,512,adamax,0.22952462473873167,False,0.11126526562830488,0.00019536839044653352,0.00041508626418236365,0.0013413657411400417,True,0.261651897239631,0.008252043189451686,0.0012131509501643965,0.2816883051476681,0.0006591178760846575,0.45861489120494975,0.00011131494899942195,0.0025356219328819636,0.00030078491103891316,0.07162615423363522,0.013967521348193315,True,0.15488558817257692
8421,1024,"[2122, 1239, 4034, 2543]",8,0.48446878972768664,32,512,512,adamax,0.9451077799792236,True,0.0006305863899058929,0.022413531771723432,0.017506601230044706,0.06086430090477008,True,0.023404380334146564,0.00707407319994485,0.00024902436420379715,0.024672602404558843,0.051640080688628985,0.0005337044198065214,0.001641468574705548,0.34742669466581183,0.0014813905704593733,0.00015674425700302756,0.010260438823037362,False,-0.5253954040656199
8421,1024,"[2675, 347, 1114, 4265]",5,0.44883960649673105,128,512,512,rmsprop,0.005493648866384528,True,0.0002474215461112228,0.0028095202981794506,0.00016199639614114606,0.6647993058353451,False,0.015593490561553172,0.013554638034376116,0.12790144010830556,0.011124736020371825,0.01761602770353965,0.0013078894831047687,0.0028711919766276303,0.0006368823011161284,0.0007372140050543023,0.02060294878246563,0.06223913081576189,False,-0.09638860860931354
8421,1024,"[3454, 563]",6,0.20712142036618994,256,512,512,adamax,0.00914286922624443,True,0.005328686934895454,0.0009180242676678645,0.4741844436313905,0.13551248266485857,True,0.0014072562830036105,0.2946886171862165,0.12066545354194196,0.019105744507783948,0.3294448799209571,0.00012309965328778156,0.2648540378089652,0.0013338592748708522,0.0036884020050188867,0.0023955357296737674,0.24704782157181845,False,0.09088560689663003
8421,1024,"[1965, 2576, 1086]",4,0.22993489446145696,512,512,512,adamax,0.00025648575969079647,True,0.05744486766949018,0.000298120624937334,0.020416594880592547,0.049264092842667334,False,0.015519980000611893,0.031654943885279896,0.020315418243674645,0.08577114442856634,0.17088686160916816,0.1558140731414038,0.7024612176849244,0.00016503814878195393,0.00014927396747344522,0.38766475838432624,0.5066965863896821,False,-0.23247687604133035
8421,1024,"[3229, 4884, 564, 379]",5,0.011482073016110839,64,512,512,adam,0.003331556928004971,False,0.007225064009120484,0.13431093351946363,0.11118244843826866,0.07928416498177834,False,0.0035865536456958103,0.0009693078226246894,0.35178528527583997,0.00012912714307613645,0.011091782815182354,0.5636788331378406,0.00017381797737961666,0.08190481607122937,0.057696491260165204,0.014541729656976888,0.050409317171595795,True,-0.5138299623279968
8421,1024,"[831, 4662, 512]",3,0.16043050478446794,256,512,512,adamax,0.0010759303015834484,True,0.0010855993214183531,0.021299007661062783,0.00010393342951127581,0.0004840049948269356,True,0.01578404831036044,0.7624562691239655,0.0006073715183100902,0.6636770701699548,0.43006843360351626,0.028210113705588773,0.10585155952867242,0.0010327182094002209,0.04429394603929253,0.00024907512476082436,0.00033016177753495264,True,0.19219928071483236
8421,1024,"[1069, 1598]",3,0.03810696312229867,512,512,512,sgd,0.00016139262715475923,False,0.004956015574914735,0.00021989945722244864,0.00012906274243338302,0.00029875234965950497,True,0.00039029853060262214,0.05589671557539463,0.3180121591778725,0.7000761206108597,0.008980139393795758,0.16695182569188535,0.0005032935804048789,0.07549954708569426,0.02642545789413868,0.08512069014097573,0.160614872063068,True,-0.3643461063458228
8421,1024,[3179],8,0.2527016144967959,32,512,512,sgd,0.0031729777008519346,False,0.0008059026220876534,0.00010736692772493827,0.11317731883977777,0.0010432156965290808,False,0.3775799878837588,0.09256705927816226,0.3814307328551596,0.01572910599039813,0.00013576077025666372,0.0018095773105094512,0.0036871403428827593,0.2813524262592588,0.6172527402113381,0.00010306386947826329,0.006678460558812385,False,-0.21031683973197374
8421,1024,[840],8,0.3064824527044075,512,512,512,adamax,0.00029880669339446493,False,0.07036357537437919,0.00018133215836286826,0.002797514099938511,0.9121090650132702,False,0.4165624070651696,0.001019748736078739,0.0020517047788310527,0.1780875341260896,0.0028333335127658983,0.005409053514950564,0.10343376073615922,0.001478248525179659,0.09880325711355378,0.00034760748575386925,0.02600343763024066,False,0.013470259297020963
8421,1024,"[634, 2886, 2828, 4472]",8,0.25438802940493416,256,512,512,adadelta,0.2731394079407773,False,0.0038077503741166274,0.2910650097021815,0.0006005499213262108,0.00030147753431683473,True,0.00030916780578633013,0.00023916997714569112,0.019106534891352278,0.00010885707716806693,0.5123029777543956,0.14061941350614335,0.005968327359612847,0.9489028290553031,0.045711715631238055,0.0025982673922910877,0.00012509248217497666,False,-0.477945717340571
8421,1024,"[1778, 4627, 3866]",4,0.15797896461169383,256,512,512,sgd,0.5384653556373372,False,0.04138277675123183,0.0025963076351487083,0.009491632527282589,0.0003239239762252288,False,0.002926613018212115,0.0021559018911087324,0.16545588180237122,0.20059693034112747,0.07570085274160773,0.0002552986970155455,0.0005219818746234772,0.0006373472313523634,0.8154590143381083,0.0010223199787156869,0.05517917942789395,True,0.09448998634598889
8421,1024,[4688],5,0.02414326641942306,32,512,512,sgd,0.3280450400499545,False,0.2622389867049368,0.0025322279336959094,0.3666759016323028,0.007277580861501573,True,0.001553195575196765,0.0010770180792047488,0.003288382056851059,0.0010108617445299586,0.49841939188053674,0.2320091574174245,0.08584529904105552,0.009663658695462487,0.0036941106710910426,0.015806041076928398,0.4354698936802311,True,-0.21342165732779103
8421,1024,[4005],4,0.04929581369839221,64,512,512,rmsprop,0.0002588064751253935,True,0.3063420540786834,0.636940708756778,0.024479169706457807,0.0003487287924070282,False,0.0023402215398566485,0.00017958813047182969,0.030304344709515686,0.0010562861149240612,0.08383232605685279,0.0019219144041562168,0.0014729697979574536,0.03450049775008232,0.031174908879075303,0.9033804248815088,0.016638013856734885,False,-0.5677166147026953
8421,1024,[2600],6,0.3250754542979602,64,512,512,adagrad,0.14602419487104906,True,0.02083421962257073,0.0011436182402618901,0.0005346715649343127,0.0012328615480722783,True,0.2520019612845345,0.0008135590634409471,0.17268383423500022,0.40096920995288526,0.0002474082087311591,0.00404626808369648,0.19681286562377429,0.0028520399197988506,0.04662372237072837,0.27153573130476666,0.0006339545731546228,False,-0.4186221456348947
8421,1024,"[1752, 4260]",7,0.010628869768134383,512,512,512,sgd,0.0007293872032593982,True,0.10350957159474843,0.0014503174239915526,0.09944768777420933,0.010291226612255086,False,0.0011644487276463102,0.016449637384534564,0.0007311436934774519,0.017236055698940433,0.034212662848608875,0.05662344603511055,0.4593311385205375,0.0013802559555990029,0.28256151029706866,0.6982737935038258,0.11763680958869897,False,-0.0638737724551723
8421,1024,[4172],7,0.9689151622064059,512,512,512,rmsprop,0.5655649974719877,False,0.0042598175528192886,0.2893050483467992,0.5193649216202154,0.41905655811707176,True,0.10670027118244674,0.30033967917957316,0.003993710513174033,0.008800112334242837,0.07478830830986383,0.0023307839517618233,0.0007742217282888493,0.00012067608067978182,0.01216606463877523,0.022287499223218578,0.06781084808565419,False,-0.4814708542529108
8421,1024,"[3317, 899]",4,0.1501126177415803,64,512,512,adadelta,0.0002750915214237801,False,0.0001158151455146098,0.04520282592679091,0.0020981631744999758,0.006395694316546304,True,0.00015974497004356587,0.004300782916637221,0.0007946999866563259,0.0022803033826665556,0.0499368270219147,0.6728511778785234,0.014420030689065036,0.00019612567258004928,0.1854797306346572,0.000576811715819426,0.00016859374629327978,False,-0.3834798260536906
8421,1024,[4744],6,0.03707763390383493,512,512,512,adadelta,0.0005724159560447013,False,0.000487256735199448,0.05063942907106728,0.06005903433360801,0.00286301995796938,False,0.003062397500135653,0.003280094530093412,0.027939648755880377,0.00010515084031262904,0.00016034811376094927,0.3024292918975746,0.003904070742671337,0.008861801458635162,0.0028994882387276023,0.17507919084842885,0.48536529553562185,True,-0.1518327206520831
8421,1024,"[3503, 2703]",7,0.0637229234736122,512,512,512,rmsprop,0.0846358508603767,True,0.015222049503420793,0.0026810951112164016,0.0034747534969862227,0.012938878064009411,True,0.044933728371081484,0.0002563190154994445,0.012938027624489673,0.7606497287818913,0.00847492445429554,0.5222884186687157,0.00021815204491637145,0.04928776903167454,0.16562159890344189,0.05594353800818081,0.0001565999789860309,True,-41.24491884475115
8421,1024,[1593],6,0.09901414688237607,32,512,512,adamax,0.00030774207604677723,True,0.15856454231542297,0.009883488893142426,0.0022618176246227057,0.005306897221067295,False,0.000698261457009101,0.7619041744464571,0.0146018003547353,0.017735045978063274,0.5384214547486158,0.1963012434420563,0.0005495865936429886,0.004586015998373801,0.13316306476223694,0.01466858194025051,0.00038152708642917604,False,0.016916246486535808
8421,1024,"[1115, 261, 1116, 4292]",6,0.48949211968913536,32,512,512,adagrad,0.17977110419247938,False,0.001079742808411448,0.051566949291355704,0.015120578750793102,0.002311090468408457,False,0.00023164573550506405,0.256844235932239,0.000572037128304999,0.0015134533382017616,0.013592742999857065,0.029739575047955314,0.4232936234936612,0.08204700801798408,0.00026238906953437015,0.003557974265464896,0.0003139564924037974,False,-0.3562613806178505
8421,1024,"[4937, 1342, 629]",2,0.011616476639851618,128,512,512,rmsprop,0.00264299033224774,True,0.0030072083672198382,0.07832920285780966,0.0002683240116670434,0.009890501160825401,True,0.34254713811526705,0.35703422281404446,0.013917216461428017,0.019073645072715056,0.00022223644469327982,0.29722394581172396,0.0017937952414814346,0.000212538961010033,0.022682628677731603,0.00028845734216929544,0.26469881379948773,False,-10.015382868060309
8421,1024,[4501],7,0.021873926431524998,256,512,512,adagrad,0.26298350379437363,False,0.004358854410878029,0.17455416077199146,0.0009935890396232199,0.9314532989845393,False,0.0004189666673100137,0.019646663646398412,0.7226398911820459,0.00035944043379391294,0.9259108296893966,0.01239036730296492,0.001261833118418333,0.045891250053899164,0.00021109691147842393,0.01521581043626918,0.10023587198848469,True,-0.3916307548115013
8421,1024,"[316, 1443]",2,0.019607892589782173,256,512,512,adamax,0.03051097857659267,True,0.012530120776406554,0.008291558693988768,0.15510301806904,0.0023172599808254785,True,0.00797291237503992,0.9835222811681138,0.015020497988382082,0.00017816531681275367,0.7810334742438784,0.08941797946878433,0.07728186741533126,0.0005375931785750866,0.04024207207204102,0.12519485459601423,0.48795281153163605,False,0.08176374134413852
8421,1024,"[2239, 2727]",4,0.13675415093762042,32,512,512,adam,0.021344556510963005,False,0.007637965552441965,0.017722009511254976,0.0012747353664695762,0.00036922038159262004,True,0.1839489860259136,0.04772721531009299,0.00012438826008205717,0.4037243681016327,0.0001580697800785673,0.003358404933802678,0.9146876652397089,0.00036594554562744064,0.0018848141490639314,0.2639341312475407,0.043111855482263574,True,-0.0009788336676124164
8421,1024,[2830],9,0.04693301575673876,64,512,512,rmsprop,0.004854240254783989,True,0.0014128423815200726,0.35031896080612374,0.0008175991483250633,0.02852077283160805,True,0.0007987681249624647,0.0035162891628897765,0.00036801849016352615,0.030318972986714335,0.00060442439606081,0.00537911510658646,0.00016852769611094465,0.0002927244405327528,0.08819200981253557,0.39975142303862043,0.0009076054526196849,True,-0.9629738363751515
8421,1024,"[4555, 2380]",8,0.05792811061247311,128,512,512,adagrad,0.5544152323907657,True,0.6434435931410405,0.5572809385331547,0.0008255694396629122,0.0016090788305310139,False,0.003857543193322599,0.006202839801394395,0.004596031175524986,0.00045330129648033196,0.007603017855037234,0.4271781048208837,0.0001512446586748199,0.010049226692031456,0.00015165549106024262,0.13055447321053743,0.00044974945513087883,False,0.17033662277407294
8421,1024,"[1699, 711, 4314, 2527]",7,0.011621988666566375,256,512,512,adagrad,0.00024071235527844495,False,0.20842913841117736,0.10303090622762477,0.020230023734826054,0.0555618924376243,False,0.03695096030756796,0.0008853593191297335,0.07574513868631881,0.02441490391224313,0.7206674868897786,0.2639594701414212,0.35502704803084173,0.0049234294239619185,0.0030860203067550355,0.6004451697833144,0.005829426399024407,True,0.09248053259770449
8421,1024,"[2759, 515, 4098, 1840]",4,0.010870308338337829,512,512,512,adagrad,0.002171178256837166,False,0.0002275169098660362,0.003852609922230023,0.005242249966551183,0.6661476931838259,False,0.17474955393657107,0.00011328739074649903,0.00021970039055618153,0.00018438455930005492,0.17010189931017058,0.00026397283926131443,0.0014648530999410098,0.0021404284657426734,0.013942848417625062,0.4763972560420261,0.027127108776462835,False,-0.1891573100925586
8421,1024,"[1949, 1325, 3003]",3,0.01813885745575094,512,512,512,rmsprop,0.1900330821160331,True,0.009345644167980944,0.0006968544721158463,0.00016735687023586857,0.6502540401752366,False,0.00011451143906741528,0.09227555731391845,0.002477543813602005,0.08394970750446458,0.18409288965923012,0.00154638325233742,0.852132825545954,0.0002390559808007749,0.2637606091373847,0.001780239889481148,0.03420398508281685,True,-6.368986298530575
8421,1024,"[539, 2486, 3789, 1411]",3,0.013512811201773675,32,512,512,adadelta,0.01559140937140567,False,0.00042323149026558663,0.04620245551160366,0.4666453990235165,0.5670844550875295,False,0.0010843029013123979,0.002316808396645439,0.0008688873535936118,0.19893733674036526,0.04007667348112776,0.003076044602159972,0.1673085365417327,0.0875181204753597,0.02571587532347029,0.11597359258009475,0.014200020733565953,False,-0.19896555110360703
8421,1024,"[2558, 3368, 4186, 649]",6,0.020724811418746977,256,512,512,adamax,0.0004348552542348029,True,0.0025946493784560396,0.0012869321891944465,0.2688506390557013,0.00029255416038209643,True,0.0002930016509448764,0.0025907721941379374,0.0007126342508865923,0.0006394349682120863,0.22525366243681658,0.5614491980665893,0.002831704778543441,0.04477181081835022,0.09081623300171077,0.30237012873294855,0.0003651667800026264,False,0.05569250753722583
8421,1024,"[4126, 1088, 966]",6,0.0240064010963637,512,512,512,adam,0.008671132516492513,False,0.1265441494713609,0.01775911217611631,0.0009187370095184569,0.0003091917603779932,True,0.00027908453419518947,0.03588680845582097,0.0007124199224842706,0.00015583346381964,0.3197848317852785,0.0002950813651298975,0.001303188455533292,0.0008038646236103789,0.0006048099655620689,0.08927636099925862,0.0016597553057273447,False,0.2903607726525507
8421,1024,"[4664, 2039]",8,0.02232015419203485,256,512,512,adam,0.0698436464919939,True,0.015080895680044481,0.0044637093787130155,0.07617809264960115,0.015321858140712416,False,0.004633268980794839,0.0001682897402971772,0.007866024083298243,0.0037205713136772766,0.007543933526047385,0.04164826847446506,0.22449407139214156,0.8599215608583435,0.12935106482965006,0.005845006055671416,0.776544164863826,True,0.01729206318691783
8421,1024,[1719],2,0.2327539197009871,32,512,512,adamax,0.03765170277661189,True,0.0027542375667037604,0.0007517073254612683,0.0053124985732716555,0.5762674141556497,True,0.00010273322534280288,0.09582065080073168,0.02248648988435191,0.012126453705994732,0.00012074245077459222,0.26426662406490226,0.06421578341787854,0.0040662300866932235,0.001092831168855323,0.0008405390242076482,0.00026818164347334496,True,-0.3767912106678168
8421,1024,"[983, 3604, 3604, 4908]",4,0.9875031433643544,512,512,512,adamax,0.08695865195683625,True,0.09569727256454927,0.001104752243582743,0.0011011571665508698,0.0005064311390237699,True,0.09292358757279451,0.003783583062553531,0.06372505069737726,0.0006736767630478318,0.33441993624202104,0.049485711067384884,0.7046846571010639,0.016527075254228907,0.27530086523781017,0.00012861846034861702,0.03776099148712244,False,-0.6471149157123129
8421,1024,[1609],2,0.016840060611758995,256,512,512,rmsprop,0.0003405183053343549,False,0.3229761151913537,0.00014446561740269462,0.01926534077420236,0.05008789957368374,False,0.0076391797229033356,0.013046712064411025,0.03058548789976491,0.025795916577009022,0.009518511776508549,0.0031081232065089427,0.21765210822478728,0.004757485913126597,0.00017777742320209682,0.00012545218005785325,0.00018486425094884745,True,0.16845497475487559
8421,1024,"[2717, 4049, 1796]",4,0.031188257737010144,256,512,512,adadelta,0.09777310171467966,True,0.03758005296268013,0.0947871062815125,0.09872003516541551,0.05372658842830205,False,0.0022550298489876592,0.8036844298698798,0.004928558887553483,0.004721990855207132,0.00021034737840791676,0.11852693697516903,0.671086652494582,0.00016482914265486212,0.005580273820067049,0.38360950348072886,0.04957792383203149,False,0.06783714752978992
8421,1024,"[3759, 1684]",8,0.016517248075493283,512,512,512,adadelta,0.0007037190872064754,True,0.05450810583706702,0.02061927444218327,0.04194153375605208,0.43406385511459955,True,0.2924404683756917,0.00024199440489257028,0.1884287252743054,0.0005024530740845203,0.0010209333839684355,0.0002733521079419216,0.015419718592152416,0.4878750655846754,0.7246754735170287,0.03150514653970964,0.0021789418379287656,True,0.23149366724679457
8421,1024,"[1156, 1659]",4,0.967048224325641,256,512,512,adadelta,0.7262675917985282,True,0.00403561675069049,0.0019431814330546045,0.0005839692975274925,0.06953366758331136,False,0.10580989603768094,0.00040122678783610866,0.05381425816034596,0.0029840963837294257,0.11238979500419859,0.0016762493456319264,0.020829533548646886,0.00035758249305372654,0.0002812727015754728,0.005615779591027657,0.001839859329773465,False,-0.5064162527125995
8421,1024,"[3671, 4714]",2,0.01615066278414643,64,512,512,rmsprop,0.061771875439540526,True,0.00035401760474336447,0.01225855488153054,0.06562349906864406,0.773245771455621,True,0.0024848229724729392,0.3565512833938749,0.00847428346207136,0.28320992999179445,0.002418114946050902,0.001133819606043329,0.0006232178274777174,0.0006712853646537171,0.0003080270273514902,0.000357337532402007,0.0005747149604498182,False,0.1635243864970247
8421,1024,"[4019, 2960]",3,0.02402749684047356,32,512,512,adadelta,0.01576628902810747,True,0.012627930171389981,0.0037282140288362408,0.21159724250438836,0.24345209947412458,False,0.9885723835256303,0.0008698810347896602,0.9036632026752576,0.00017228298648241838,0.040820362443350126,0.0008358917560531135,0.008124602772538653,0.03363262721518308,0.028454869133629112,0.0018113242477828526,0.00029384083315205317,True,-0.08409478659421842
8421,1024,[3477],6,0.9958009384940493,256,512,512,adadelta,0.0008771168555287802,True,0.0009500334167998162,0.001680792691789994,0.14116173982330038,0.05027892851858722,True,0.0005459450005037051,0.002495723816711765,0.12650614697085485,0.005282949689421984,0.004976306754272189,0.6485085836554572,0.001760813512857241,0.625349775895296,0.0056928818636962945,0.6683375945656929,0.0007108554994662751,True,-0.6287332750739288
8421,1024,"[3832, 851, 1873]",2,0.45069898544986414,32,512,512,adamax,0.0025566849207356484,False,0.16693346492342037,0.0009176044574271656,0.00031888834839219294,0.6787184680306749,True,0.812208007716346,0.0008104195345644673,0.0003062103034718967,0.000864168428721966,0.0012633773959929825,0.038316591466150504,0.10483114630503595,0.010276463940881813,0.3958167215758441,0.0027755548001662466,0.0036294585049058688,False,-0.5290118112593749
8421,1024,"[3048, 3531]",3,0.010821556045008422,128,512,512,adam,0.00012147542617221628,False,0.04004996836338561,0.0290901743227545,0.34698146716607864,0.00017392994316657326,True,0.5348231414800568,0.5037862686738721,0.07044794939916996,0.0003810811003466328,0.00017068214482652142,0.0014068600884011959,0.0003411166384733876,0.0006231826806457528,0.00012476146206888647,0.02547961975873505,0.0004778310458913711,True,0.08492592187527588
8421,1024,[4219],3,0.5883689302044262,256,512,512,adamax,0.0013084939134009124,False,0.00015681362463957523,0.00036325133711086226,0.0004003806752417608,0.6198589284104729,True,0.36729879491004225,0.006280840999123489,0.7838519645670907,0.3746071641741273,0.00034012761149473177,0.6727225343044834,0.09240173621829868,0.01080106883758076,0.09019358296422617,0.00018414285934609557,0.05040922931054206,False,-0.053254949151627665
8421,1024,"[472, 3203]",9,0.40425979956251273,256,512,512,adagrad,0.00430362422845905,True,0.0008738356143917384,0.0015739307320352498,0.30766784397885927,0.0012611345652558954,True,0.6216593163431411,0.006470042340328738,0.433573048189382,0.0037329811115373247,0.20350774601241964,0.001787659147209862,0.03316504400596061,0.0010816769956717243,0.1712767338409765,0.002432672531149244,0.00012876019265020537,True,-0.2362464850115846
8421,1024,[3434],5,0.14767671972256047,64,512,512,adadelta,0.00016061665811236995,True,0.9122929923536006,0.05549453243798185,0.005717877916540384,0.05933740175540253,True,0.00687964787845617,0.006471628709146866,0.0009062073195748462,0.00031793505728182044,0.082878691620368,0.0001323937377434393,0.19580554996542338,0.01225782870822369,0.000756138372086882,0.0003197896476551306,0.3688652681338339,False,-0.031133715961408626
8421,1024,[4039],2,0.6705827741528366,512,512,512,rmsprop,0.17835206310108603,False,0.4469905585973873,0.00227985917788002,0.003123113242510987,0.008923757189278032,False,0.0009422213427308773,0.0026188059018006026,0.01945433820876622,0.10761167613665938,0.1529137467533627,0.13552022239803158,0.0003492818182099884,0.3316669346238216,0.3436465466022604,0.8219646759143496,0.0012421028313493654,False,-27.84230783886303
8421,1024,[3092],9,0.0622892610168707,64,512,512,adamax,0.12705509917689783,False,0.00024708837199813267,0.0502814227140535,0.005598122227853326,0.012371548104170089,False,0.052371333630794964,0.005992783312601466,0.011746039963844308,0.002840221347797573,0.0007525578322335645,0.07856217100834492,0.02078597864623601,0.1972798702470665,0.7528065876980368,0.042333066845750285,0.060626212076021424,True,-0.3350299772543639
8421,1024,"[4912, 1724, 1283]",9,0.010694624446921987,256,512,512,sgd,0.3353477143514942,True,0.015485364930266716,0.0022456891411882837,0.011753806133014855,0.5300031307982868,True,0.06754511454403174,0.2088601299288099,0.0034821113046278646,0.00020106555394264374,0.08760013456821748,0.0003174108258622419,0.0022185233033390206,0.8449709187644935,0.00040014863735097063,0.02604178919619208,0.0004175572207405843,False,0.11660529707927082
8421,1024,"[3443, 982, 3377, 4350]",4,0.8669248411200556,256,512,512,adamax,0.03493644848031359,True,0.00274186936151573,0.00046842971758778376,0.367454461151303,0.00036464422211285384,True,0.00014452221590062058,0.00957239423269285,0.0009821551223890782,0.0001669449573095895,0.4562072032256562,0.16197441938382592,0.0002169997687021719,0.0001747682029832445,0.05227544935303155,0.00014208094117216675,0.01828419813015094,False,-0.5505281512508334
8421,1024,"[1393, 1769]",5,0.3715619599155169,128,512,512,adagrad,0.14150021957200223,False,0.0010116203870086512,0.03796376097608692,0.09010828959608176,0.019180580642369868,False,0.013451438794869616,0.00020564449443045673,0.03521170430763992,0.7683464270485696,0.001280993213857225,0.003711958675344684,0.014488955849647654,0.00019652867533495158,0.008213768091847035,0.08928146987446474,0.0002421803648719507,False,-0.41519647108633134
8421,1024,"[2933, 2023, 3733, 3103]",6,0.10032464959052013,128,512,512,rmsprop,0.0007240709761502633,True,0.00011116073382792268,0.011653469288022005,0.0015839304566260455,0.0005036865522349766,False,0.008603229194822816,0.0005279666586849722,0.012444767164480217,0.0006483320868451482,0.14550282490465916,0.020647697227233693,0.3647612965992214,0.11854301606677038,0.25761789789508904,0.0005842608815864046,0.006807609219965403,False,-626.9186703440788
8421,1024,[1784],7,0.07251056895867568,256,512,512,adamax,0.050486670039608016,True,0.047820243939637186,0.25464128050111096,0.0008145258678448032,0.0003074231359835598,False,0.05429064121476379,0.011458522220857768,0.01876471444512586,0.13907300149624036,0.00039427939358610125,0.007001620233559296,0.723462951846915,0.0831412109107267,0.31468180875082347,0.24861608332756774,0.003923950373800822,True,-0.11420321540029489
8421,1024,"[2605, 2411]",5,0.23766448498606396,256,512,512,adagrad,0.011080545076269297,False,0.003741132881791868,0.0010816376218441223,0.7564404393142127,0.4052921705652819,False,0.5451569800589738,0.0006637777592868515,0.005555977627642791,0.010062949500925563,0.0019863575879514967,0.0016941337862156583,0.0474829585724224,0.012465070522511206,0.004735563414881072,0.9599217653246063,0.27210051170967936,True,0.16786322197271217
8421,1024,"[3909, 321, 1715, 2898]",4,0.011315165653755425,32,512,512,rmsprop,0.012215015946349706,True,0.8020390774872783,0.8262581976208031,0.003303624570335992,0.0003287962697873252,True,0.0017304500212818453,0.012514274209790432,0.3514983078789867,0.026533972805045252,0.0980979011031848,0.024955086367322316,0.0006101186143956941,0.009137652297418737,0.1369041495406517,0.007736761029933427,0.007825800249278737,True,-91.21191799116961
8421,1024,"[4717, 4908]",4,0.11167495340990957,128,512,512,adadelta,0.4459542526964808,False,0.0009113750367490357,0.010897699178482994,0.3432402344328056,0.1436560094931252,True,0.07076719661804062,0.00609640259474878,0.03314732768244133,0.08385120802927565,0.0019160099994447418,0.2365015266315198,0.012919277853174104,0.3446073738191387,0.07063682977771017,0.03647317903822064,0.002761754487274428,True,0.20227093529901233
8421,1024,"[636, 3624]",8,0.035748659006906554,64,512,512,adadelta,0.018012201889359578,False,0.00012911160612109548,0.0008622081431688784,0.022126239535219045,0.0003241538490972058,False,0.00013095272523819392,0.7709777717512595,0.20049634082925635,0.00044275457491839,0.034879385686994814,0.10318759890364249,0.007133624507501674,0.0020548804341335588,0.054524936026728255,0.00036268866358824187,0.009917205098318978,False,-0.4504869305266344
8421,1024,[1203],8,0.01885099195664369,32,512,512,rmsprop,0.8422222471666847,True,0.0018894563758173133,0.24848346521761444,0.32494868386791664,0.07245664680620874,True,0.00018298848163232054,0.0008344305797867565,0.05155187761981322,0.0001154439669857768,0.0001194551368058818,0.051325603198447006,0.0008915765616630648,0.1220745288313303,0.3140354845581358,0.0007134112174683567,0.005117439772193422,False,-175.80605404138586
8421,1024,"[1627, 4577]",4,0.029332829762468742,64,512,512,sgd,0.014616901935800048,True,0.009071219791772774,0.009474462938352404,0.0008910741704419225,0.00010960484397458728,False,0.005100043599632575,0.00013157129683330872,0.24268083252847852,0.0002692537535737811,0.026494621322189316,0.014660363459840148,0.0026467910995851916,0.0015939825142717251,0.09349536299512196,0.051009086355876615,0.07841994976015298,True,-0.31153324087409523
8421,1024,"[1398, 1456, 2260]",3,0.26372844531287026,256,512,512,rmsprop,0.38592081013300666,True,0.014161559621280366,0.003251282752593113,0.007494685041810855,0.0020901888384219965,False,0.7508442193619019,0.06533814491022165,0.0001950642083563771,0.18434401776128706,0.24075132301050575,0.02262347272950351,0.018312798592139835,0.07407167653858672,0.17460541849767253,0.11575983433824245,0.0019011933645051281,False,-0.5171494510340331
8421,1024,[4447],7,0.371261158718202,64,512,512,rmsprop,0.37125373172216874,False,0.0003246212908229667,0.00016189729103366105,0.03946343195852289,0.0034024289985994426,True,0.5954584347212032,0.0035607907731862007,0.005886239522784786,0.0009289586059921325,0.2103146425849414,0.0006514748593976148,0.0005037073795914801,0.1630848798020376,0.03125622612042026,0.02279756610127994,0.19835167277253135,True,-2.1012552467736287
8421,1024,"[3695, 2113]",2,0.16480178353505903,512,512,512,adam,0.0005350347289616321,False,0.0003354331364346543,0.0008922073971654894,0.02556999888391463,0.4684208586447715,True,0.03341075447032732,0.2718171741890003,0.0021688460274692915,0.01692798411542402,0.035658307927689745,0.00017062064765359093,0.027610066677062315,0.2032753934573088,0.5645703744465831,0.00011301937536400073,0.031427840967318973,True,-0.18859774884301655
8421,1024,"[4215, 2467]",4,0.3622081526938151,256,512,512,adam,0.12909754160711304,True,0.8859016494326797,0.027751106532383957,0.021104279487619077,0.037918210163900366,True,0.7690748096530614,0.0006396127634226726,0.006882673121618361,0.6081587074820097,0.026008509925992074,0.0003540816962747564,0.007883580827692806,0.0013301950027639073,0.00420242505471331,0.0062378048540643405,0.0008703650402273554,True,-0.0953798374866015
8421,1024,"[1158, 2047]",6,0.0461937316537549,256,512,512,adamax,0.0034434736555442524,False,0.00204709732426997,0.0023387786493341465,0.0002376468697522044,0.247128685095548,False,0.0031708384308541584,0.004182733480339515,0.24433019369852851,0.1340366132442699,0.005191002119149359,0.5909754542856281,0.0002416559519099283,0.02140855230833414,0.002272861641675154,0.01470885319545761,0.0006997393448383204,True,0.27105352270150523
8421,1024,"[940, 3074, 3605, 829]",8,0.22352299366883552,512,512,512,rmsprop,0.03597731879939267,True,0.0011596362345636462,0.0014462441940231927,0.002834663559853713,0.0005770627192672959,True,0.047220252242529064,0.2029599355295922,0.0001759925345041148,0.00024782684940369233,0.0031139652860132675,0.00017498794305618572,0.00015758027179799307,0.0002306607458954471,0.06493102052604058,0.7550680795454642,0.008537942994097738,True,-0.5617898958208807
8421,1024,"[3671, 3053]",9,0.07963156201423861,32,512,512,sgd,0.9563518999269696,True,0.09720939041508922,0.013894544432271828,0.03933471273464609,0.007764612786212239,False,0.04600529370529112,0.0011078274955422722,0.002001277692249579,0.06121406171220217,0.0032573398759173197,0.28759852356043597,0.00029354110439256054,0.00020639407840509285,0.002327037760947692,0.1397489150244531,0.0036150127153811796,True,-0.5695981051558378
8421,1024,"[4792, 3945, 768, 2815]",6,0.07386748965538965,512,512,512,adamax,0.0003740128800047221,False,0.15742972564944271,0.004485468339284616,0.003069739242997984,0.5716483518693433,True,0.0024799735188955857,0.04941283994199831,0.034195443984388244,0.54118916162751,0.317118977970035,0.03204637443801234,0.0008265269920430087,0.0011507521044995305,0.17231739442102453,0.0735661282500533,0.5761139785679865,False,0.2359347518610888
8421,1024,"[1346, 2802]",4,0.02717742595692754,64,512,512,adagrad,0.0030103204779120298,False,0.08766728272454696,0.027765853597115326,0.041528772169666946,0.000161657170359244,False,0.022938952958367814,0.000394760338368025,0.0005401555129663406,0.00038649131303109923,0.00318638111230533,0.09816264321553378,0.16277506467905395,0.33494825331984796,0.005175053196846403,0.02835307362967855,0.6021435433973996,True,0.03643767558217378
8421,1024,[552],8,0.11929638131677077,256,512,512,rmsprop,0.0008404245378257863,False,0.1746325143255715,0.001796738641561938,0.04945234578305813,0.004845386560875572,False,0.012128997797650594,0.019024768007580847,0.41866958106050284,0.7822386523421242,0.30433696594116105,0.7270944002344265,0.0006819317075341505,0.0808327208198081,0.0005610993925140239,0.0022485101055759373,0.00010824245865627603,False,0.0760973928340643
8421,1024,[757],7,0.09652877252606984,512,512,512,adamax,0.0002638485318394425,True,0.0004679935014064391,0.11832326682402897,0.0032742841953842462,0.42310394301252263,True,0.07202046438773864,0.0013991445915898751,0.007288976035635751,0.20684746859658568,0.0005907763455777469,0.008386774797099547,0.0014042703324240072,0.9052031023927408,0.001403788471477606,0.0003807527832627334,0.0785623084555053,False,-0.12197192675999828
8421,1024,"[1027, 808, 3346, 1958]",7,0.6533818695427255,32,512,512,adagrad,0.0004318277819404122,False,0.006329584944665891,0.00238835828641308,0.00010178885534733366,0.0005595540202046153,False,0.43483057401017844,0.0038337438140915413,0.007766134087838026,0.14908781621540076,0.00023099300997203877,0.02523334757779426,0.00262896832434147,0.0005161523702484908,0.0017815690891188657,0.006858988005613358,0.00015785728016344132,True,-0.4061968304553433
8421,1024,"[1605, 4148]",9,0.45203541271907643,32,512,512,rmsprop,0.0030572906785949214,False,0.12262143593959726,0.7295446141062952,0.5990383929883087,0.024890220902506307,True,0.0026682038029859087,0.000154382066563256,0.0002657060426377279,0.01926916965806943,0.0010654073896560737,0.009621655906745257,0.0016469432002394924,0.016505169973073993,0.004865552642320734,0.22329928656041165,0.001058071535890563,False,-0.5793265467412682
8421,1024,"[494, 2635, 1971]",6,0.09981286420918171,64,512,512,rmsprop,0.0022223056065397762,False,0.010535749844873536,0.0001278303268104827,0.09512369148794178,0.4809128854797594,True,0.03718571843327196,0.018771671196643466,0.0001694965379832503,0.6668493317407661,0.006835628890560273,0.125686341050012,0.0004460070127466139,0.00475371904172264,0.010648237025908362,0.0037761889280852924,0.04595505879581785,True,-0.7050077292933064
8421,1024,"[1950, 359]",3,0.019328802677009583,256,512,512,adadelta,0.006981355963778102,False,0.005852061274324518,0.5806122418627566,0.008155602160744192,0.00025806266790844674,True,0.00016872405246951645,0.03225176984447624,0.004511098379480914,0.08010067532630237,0.00023728887094829598,0.3465298063502711,0.0009310158168131685,0.1594210641242622,0.010296823968337606,0.0003608449060926459,0.0001459291989641158,False,-0.43281317692043014
8421,1024,"[2123, 4491, 2687, 847]",5,0.4062371287590375,512,512,512,adamax,0.006904575665707978,True,0.2900340889509455,0.0005978044758027205,0.0016992059012710182,0.0035713866980370316,False,0.002590421764027356,0.004719895064625829,0.0147985533760857,0.22019807215658177,0.17483891992522968,0.0004866948179717985,0.13083338061331204,0.0002318251095135032,0.24528225530485678,0.002139516300472537,0.022762673000813343,True,0.03144599546654562
8421,1024,[3265],8,0.04344352204602573,32,512,512,adam,0.9821161951649656,True,0.00389309933512477,0.0001295953841717786,0.013811534093186192,0.03272109142329067,False,0.41633245112441647,0.001099928329601243,0.015597102489108448,0.2543281372347577,0.12161162254803845,0.017602987880712198,0.0001582710643003704,0.00013047192279272538,0.01042316081950324,0.3111553208321817,0.00016319086841533304,True,-0.5907385135505816
8421,1024,"[311, 1261, 1580, 2760]",6,0.06541264647498356,256,512,512,adadelta,0.00020049033351405443,False,0.002560434538448236,0.005094470338205457,0.0013416072483067247,0.8083030740409898,True,0.24254006392768782,0.002198949559796325,0.00024510460388767793,0.006308665615934658,0.11616883506402895,0.0011052095611305886,0.0002542354922004478,0.0011502780118862702,0.0005837745467511657,0.00018161046513594264,0.007943472824137989,True,0.22244572255645353
8421,1024,[3291],3,0.023152994421185888,64,512,512,adagrad,0.001767227945894509,True,0.5848615428039748,0.0035261013330864723,0.0014664037349433879,0.008941213255899992,False,0.0036902123545668715,0.004046192565871844,0.05690647436398676,0.0005854013937794441,0.005124482605782071,0.7778156854790687,0.0009353860775972429,0.0009555825985726939,0.08257557787247598,0.6913865133516504,0.016304344036477215,False,0.04606930077313522
8421,1024,[3033],7,0.18355147621060286,64,512,512,adadelta,0.0008759765087955051,False,0.0007048706911064309,0.010275746304647166,0.0033394922008563688,0.08158512493799465,False,0.14498149910826796,0.0014283671731968655,0.002868473749546791,0.5004018668040353,0.002198214776089905,0.014989624680841963,0.1871721366564906,0.019533034369517147,0.31138712685418074,0.0001621316567121412,0.00012640290666148112,True,0.049560742253506956
8421,1024,"[2722, 3928, 3932, 273]",7,0.15812501385053207,128,512,512,adadelta,0.00012159357416553995,False,0.0004776060978121308,0.00969267009212055,0.002416146278145425,0.0003215766355965353,False,0.05085914297792691,0.0029113325548701906,0.01043464431270624,0.043000950630927307,0.1548984917745978,0.2634585967007717,0.0010639170064734665,0.0004914597327965684,0.0007306871706777041,0.0020325158797452674,0.00313294666827371,False,0.1845818750370378
8421,1024,"[4221, 1515, 776, 1883]",6,0.2270049254532787,512,512,512,adam,0.00010949856046140191,True,0.3586421249518096,0.007158927329249733,0.0007594529801463061,0.001414279103042075,True,0.00011379794732096662,0.0009049476410963656,0.0035752993091244752,0.0014232553052201601,0.004111758006614732,0.0015508055160538727,0.0479248145618908,0.0005745929116498946,0.5336033214372813,0.011671875988917916,0.00014702117226193632,True,0.14558465606976623
8421,1024,"[4774, 3392, 1777]",9,0.026030529609888657,32,512,512,rmsprop,0.0017637697429861636,False,0.003445192637724669,0.08632263975219849,0.03372765170142519,0.00842102506209505,False,0.023999232899192816,0.03189288861545269,0.1666228159233552,0.01171887540908832,0.10815275023282479,0.00046935734204925253,0.00010250658077348753,0.03907980623585592,0.24401119654769315,0.5948527922945606,0.0052524196904914396,False,-2.590912726145236
8421,1024,"[347, 4226, 3591, 2947]",5,0.37664750076214276,512,512,512,adamax,0.00016332294217408133,False,0.024156126417655792,0.0003730254987951781,0.008915346595311539,0.007689410884820342,False,0.9160307437664073,0.41716823874382936,0.15748300610119306,0.014576637906663149,0.026068487830980643,0.5548319938643933,0.0020111072102630047,0.2576889702771352,0.24072770038103483,0.0003777700069522608,0.12472008489802829,False,0.0010890406241204362
8421,1024,"[1962, 2408]",8,0.05018637528352637,64,512,512,rmsprop,0.077811360223596,False,0.7075524362443487,0.0001574759769088618,0.00722669760573891,0.0006009775227079753,True,0.005861176346067521,0.007329946060464705,0.08233776055828747,0.051322265863506675,0.00020694088833224047,0.00018777611548102414,0.00032172032281435777,0.0006996161476165316,0.021760432323258697,0.23245258940033883,0.00011604910545800358,True,-0.5928783343055061
8421,1024,"[759, 3216]",4,0.03613733754539617,32,512,512,adadelta,0.015515841355840504,True,0.0006055253778314604,0.04579537588824299,0.0018576816933772982,0.0019572682236407464,False,0.0002749810691342056,0.5360794398219882,0.06582796835198301,0.3338892250269121,0.1928716613884451,0.17183106425924694,0.00013887042034888512,0.0015797867282611538,0.004771475209865609,0.00449392212835155,0.4231320138618366,False,-0.3665903791912771
8421,1024,"[1709, 568]",7,0.2825928195222624,64,512,512,adadelta,0.2823048003858359,False,0.23988069827229866,0.0009684132182687848,0.33071391863915883,0.11182700593607668,True,0.41882165942446187,0.011790814479048624,0.04002760623057336,0.01681282113064815,0.19778850756067912,0.00013006452176935515,0.27058618230511694,0.0673980850365598,0.010484196281102542,0.00021695386580437628,0.4424109278254549,True,-0.12941338521465182
8421,1024,"[3492, 1331, 1408, 256]",5,0.12386375846445981,256,512,512,adadelta,0.04920409295806816,True,0.09177196909565624,0.0024629460562374025,0.001132204727309702,0.07284377341104266,True,0.5784937711603444,0.0025411863505799544,0.0003783955069378776,0.011207827468649591,0.024997272264200038,0.0009673527534015323,0.06837648944043753,0.012662936510725007,0.0003997826533918738,0.015067839655557833,0.0002289346692083725,True,0.22122584219124777
8421,1024,"[4959, 1224]",8,0.0780435519007886,32,512,512,adagrad,0.00012868990812860059,False,0.0002939811111260784,0.0018723003958301429,0.2199495981046432,0.0001984620054729036,True,0.005310663539535507,0.000372543826026077,0.0006852394832846529,0.0020315676707901797,0.014360745170813887,0.0180788043730704,0.049058476293207726,0.0013136039111765932,0.00102145454591734,0.0003384593004421265,0.37785471899572776,False,-0.06685527976784074
8421,1024,"[720, 3072]",6,0.07412804559590305,256,512,512,adam,0.367618781167576,True,0.0839961038417788,0.33959177825335685,0.32208282453517345,0.00018974143874874125,True,0.0030421061631775263,0.007110099075456817,0.28320072647937133,0.00765351274739816,0.016689064907899332,0.015506700619295674,0.38438247187895913,0.0003530581951150688,0.001449638751489007,0.0003748498320506647,0.008203248235324796,True,0.05849241199098137
8421,1024,"[3861, 2405, 1337, 1767]",2,0.2265652727252682,256,512,512,adagrad,0.012344249047892828,True,0.001557419967028244,0.001535229002196938,0.015147277318918205,0.00544487549351859,True,0.12364879611552619,0.32479260779405694,0.020877078258837,0.00036377349145620767,0.05940272478265219,0.0026657244930274595,0.06373552959749702,0.08853067514866948,0.07744755063501417,0.009617590896833537,0.30144942545968884,False,-0.2458677966163949
8421,1024,[490],7,0.061216918140598604,512,512,512,sgd,0.001441520180822479,False,0.012867864056830474,0.061431805752996005,0.054130656433736025,0.14409118190115258,True,0.0020536381360396426,0.14332084053502198,0.0030831090589387893,0.0002879485793428172,0.000410697724368078,0.0001223190213504118,0.012181806989606615,0.26922339484263624,0.0937147759232733,0.0005544753253909594,0.018177302686533052,True,-0.0260295937323869
8421,1024,"[2965, 1647, 1313, 1668]",2,0.05729792016808408,512,512,512,adam,0.3597925183647627,True,0.001196871665774251,0.000758016903931771,0.38275712444986226,0.0002859015356725554,True,0.014622953286217774,0.055277834467638585,0.00018236478906294502,0.010901501849201519,0.00022279697376206286,0.05734272471263052,0.0002647710137013137,0.001108071701443526,0.0001989897115634372,0.11693280239032289,0.04885824969506034,True,0.18595579357080383
8421,1024,"[2607, 4252, 4141, 2588]",8,0.040584858982689626,512,512,512,adam,0.4418778387462133,False,0.7818421967720823,0.030199957025925473,0.6481141491138034,0.0009480444447415078,True,0.2030742303746848,0.001693443138364948,0.31990491173791374,0.00014936814919723544,0.22544056795691803,0.0021279567361540985,0.0010580290838430701,0.005617963535328335,0.5931492838209795,0.0003986902988289885,0.0006611648311811444,True,0.23855078920838385
8421,1024,[2096],6,0.14739387808064686,64,512,512,sgd,0.009901691401263436,True,0.39531154226698156,0.0008075158840804948,0.006185927746740893,0.00022238361889100416,False,0.024869624022624305,0.004426708355206949,0.08470067210883281,0.0017071349040984883,0.003631264392789061,0.22260925830251874,0.6562377235170774,0.8512079873200071,0.0873250465468149,0.00012971391764237335,0.41894961741429987,True,-0.024279228212257913
8421,1024,"[1649, 2265, 809]",2,0.018537654695207052,32,512,512,adamax,0.0007234415870313081,True,0.024233976335042214,0.16506552968768717,0.00026317230463276015,0.005957812210027639,True,0.0005483111137244516,0.7945401487126472,0.0017221976965385711,0.08033515480583076,0.00029364458217439655,0.015275038422786425,0.006334223400797837,0.00352459099909876,0.00043238208675824234,0.0004988228393661421,0.0007437852160123861,True,-0.1350722171436452
8421,1024,[1084],5,0.8910406196207793,512,512,512,rmsprop,0.0019181632844810078,True,0.7205443466512828,0.0017800465159392566,0.0021756084692400174,0.00023004692277921217,True,0.00011148552164334769,0.001371177393412352,0.0001047716174877756,0.000958221154739907,0.02016048109099116,0.8539833192822233,0.0022443674228023614,0.06594980587328933,0.0003402826203908884,0.03656409588315343,0.0004286279606309566,False,-0.2037432692929502
8421,1024,"[4190, 4333, 2806, 3818]",8,0.07842390151439005,64,512,512,rmsprop,0.10383925061723183,False,0.00033122681063140586,0.00014231094245218887,0.7597827128525204,0.057399822749753776,True,0.14141685913928176,0.00025149800843013713,0.024598788210672927,0.01590438420312151,0.018247459952197228,0.0018185242915966767,0.0011303341975911776,0.00123872906177624,0.0007940352058541974,0.010531659655002827,0.0062271998570948926,False,-0.07065551405401232
8421,1024,"[1625, 3614, 1345, 620]",9,0.047089743104998125,32,512,512,adamax,0.00013041432023235252,True,0.04258838993238658,0.00033898017125187695,0.0774464935562489,0.05720221609740937,False,0.14020346365661077,0.00010573591768233387,0.24559943630140718,0.00029798376883112586,0.2568842896236182,0.025997634794086687,0.003073431135529222,0.00022881050575240372,0.00026959297605758125,0.15328819958210996,0.19921370749003206,True,0.016771882554701065
8421,1024,[479],4,0.41993167070467013,512,512,512,adamax,0.007888294734609674,False,0.8842292972675766,0.0001397031876464449,0.00013034529461266358,0.739108623549051,False,0.040056632258210864,0.002884270680415591,0.002424389871071699,0.778874267467239,0.1307318678331372,0.002028941039133486,0.16149734318366255,0.6447039266363823,0.007067931337759337,0.2466600039819666,0.00025454287739583255,True,-0.3935758715204211
8421,1024,[2326],6,0.02628126221536934,32,512,512,rmsprop,0.14208932972080665,True,0.04083573835956719,0.08932116270623931,0.1421836976505981,0.07651591460111389,True,0.0003556129365840922,0.6162497883432099,0.0021246571250934493,0.014423717570106185,0.006708413104724145,0.000254575256372038,0.186785321991224,0.09020629173943628,0.023698613257328995,0.11856541843299122,0.0006525813900619255,False,-0.5239066147542737
8421,1024,"[2076, 4932]",8,0.12293226551022304,256,512,512,adagrad,0.35380993122414206,True,0.000254269306818801,0.0017128196443803724,0.0028085420252785998,0.004149994724402194,True,0.042779562777981193,0.01761172420278166,0.4262606952009904,0.03553586729811539,0.0025701738442868824,0.0002304433897260298,0.0002230749068005392,0.7533001654227802,0.0001226455237898585,0.7922323902540328,0.01860818457472567,False,0.07743499013964036
8421,1024,"[2373, 863, 2353, 1475]",7,0.2416451734363746,32,512,512,adamax,0.705255432361084,False,0.00034192633248176943,0.8006274474495939,0.5257825197016667,0.0023753966376780476,False,0.0007122205653404684,0.3035025223706556,0.00012450252883248648,0.005208678346149633,0.00017585555121722192,0.000613525000176579,0.00032645782325164865,0.2355736812028728,0.00018706493495233484,0.0012596043618525853,0.0001390307387017363,True,-0.1547406324861975
8421,1024,"[4520, 652, 4051, 1090]",7,0.11265523918478124,32,512,512,adagrad,0.16781494639737096,False,0.01176189208517428,0.00015517151008915002,0.006412228858501687,0.14673750329529162,False,0.023045181088276506,0.0003526273163774929,0.0009985449680379426,0.10596409594770584,0.06177396105559484,0.44899440393622997,0.001323929068059206,0.0005314234317133095,0.011944175413694871,0.003427225463751983,0.1677433324960428,True,-0.02978359658519236
8421,1024,"[1047, 762, 2695, 3559]",6,0.053087705705882185,256,512,512,rmsprop,0.0003999951417993758,True,0.002763927171835598,0.005446956793583233,0.0006896910436450771,0.002130083436463544,False,0.5421489847542643,0.00232614716687101,0.048083857546790024,0.000975242828617484,0.00290757900317383,0.006196177421767523,0.00048685069270616146,0.011630602183223808,0.00027288572086048534,0.0004408047496612155,0.5877857671985698,True,0.20178936127659783
8421,1024,"[4435, 3235, 3396, 2037]",9,0.126661618531449,128,512,512,adagrad,0.00021060624668915655,False,0.004423105753592275,0.0013863215834649396,0.019837778978841508,0.000187074687553062,True,0.7112764389002086,0.00487708756615207,0.0003971711059225875,0.0005146613846779769,0.5228396111270225,0.38642696452636704,0.009686050940971885,0.0003962946686900264,0.04966789701566324,0.529517999221841,0.05491096938102813,True,-0.3996980823135578
8421,1024,[2535],4,0.05178585138275138,256,512,512,adam,0.0025281292156728273,False,0.00017395700592003706,0.00018796062331967198,0.05153379400912504,0.0016164444576511872,False,0.00026778422625650477,0.003915736760002265,0.004553385705014303,0.027564031643712694,0.0005041944910005378,0.001196467918381964,0.026077544152463106,0.06645522851148215,0.014214309148625875,0.0011627293466080289,0.03593121775430201,False,-0.0853176962210461
8421,1024,[679],4,0.21698660790970306,32,512,512,adadelta,0.00024402462233457715,False,0.20521448106829673,0.7191823170552194,0.6672861627655018,0.007492558075029834,True,0.0021192164298555237,0.07861084707626065,0.04988222376244043,0.9822448420655291,0.3311966550374645,0.023018325123153723,0.013737645305895458,0.1722566422684671,0.0007346605739070577,0.006700981709371352,0.0016374000171835142,False,-0.19330739224739643
8421,1024,[3565],5,0.069832426211225,512,512,512,adamax,0.0008384110727131384,False,0.005843008904889218,0.09855009290575514,0.002494562359438648,0.00048639480532443433,False,0.019189376614813458,0.017735936899164435,0.0022005547744705003,0.0005903184848731561,0.0013646343979820915,0.007178058650538428,0.0004580507899691292,0.0001645013009294516,0.0001891756646301949,0.060923940534069146,0.02874655860916247,True,0.17722397771747353
8421,1024,[523],7,0.038853789757548746,64,512,512,adamax,0.002276947637322942,False,0.00010715151843787525,0.03925142222622814,0.16217009678789296,0.06825076808435626,False,0.00016490546060430645,0.6017336809165664,0.0004737546195281158,0.035838286609117975,0.039151034027185116,0.032252195101549405,0.0036890798193634352,0.2453051515705038,0.00021170298373056015,0.02922353298968865,0.001338471907148606,True,-0.26817106226595955
8421,1024,"[2732, 3889, 2112]",5,0.20693914726597132,128,512,512,adadelta,0.007470129261663442,False,0.0004777550319771864,0.5546345245102342,0.00012592098932504941,0.0065832499644077015,False,0.07336435312796166,0.014774274318752865,0.00021443312136928456,0.05153763228052223,0.00015026787821319118,0.002768808247225733,0.0025097386539710284,0.43228685286559015,0.029180543637553333,0.10277208413316109,0.011316357047500527,True,0.20793547611306115
8421,1024,"[3182, 3476, 3214, 4270]",7,0.11092107610177185,256,512,512,adagrad,0.058313997139218116,True,0.002448141261978628,0.002361952319041362,0.5642430849490674,0.025169696457469793,False,0.03966280061521076,0.0008249728220791933,0.021272531968199997,0.00010543093635944453,0.001449888155447287,0.09242451788825108,0.33181315244878373,0.0012538067220724041,0.04839921345870844,0.5085864258336854,0.004904079272828106,False,0.07309770955205935
8421,1024,"[666, 2092, 318, 4203]",5,0.10350174977273566,256,512,512,adadelta,0.03218148142409624,False,0.00024114559020613452,0.0005754015843235943,0.00011099159454565942,0.07304259726632992,True,0.0026216467458118576,0.000146512167849417,0.013640967578659633,0.1368099743272013,0.1573799022886271,0.00013862400283871676,0.05095074781792991,0.00015023775149617622,0.03127351376121306,0.0012467402106266271,0.0033375605136071883,False,-0.10052419524202198
8421,1024,[2068],5,0.07470378582243714,128,512,512,adadelta,0.37807597428407513,True,0.0004807732042482435,0.0013817272169391616,0.017650319027126132,0.14241102046959014,False,0.002012187029064908,0.1836781941241364,0.5467654804963125,0.00020935230011749728,0.07563080773888795,0.08996325112412826,0.0032553456313141045,0.008179779211278085,0.09241122589034179,0.14497753018216,0.00025357660683310307,True,-0.10141115514756872
8421,1024,[3875],5,0.817761359250994,512,512,512,adamax,0.0031040890761523704,False,0.010510822723543164,0.14800930525454914,0.0013623345368696008,0.005591670771989638,True,0.0002040560844571773,0.0006379644643214074,0.20801706086208044,0.004915820498057551,0.0011315599710641224,0.7233382941117743,0.35413511935501213,0.00023792957490399155,0.022352572161217974,0.00017408168921704992,0.07507947731513039,True,-0.24409265331473717
8421,1024,"[3371, 3595, 962, 4348]",6,0.03065107503669483,256,512,512,adadelta,0.17744406087879927,True,0.8384059515050498,0.017505199991911788,0.033890458065897466,0.009001064887696504,False,0.09234441534832374,0.00031879161696593506,0.2813638844669349,0.015341646164812494,0.44111809604476765,0.0027926720273938155,0.00026976498946967435,0.003461613743760797,0.0017527591139472507,0.008652110456386091,0.01705065250939756,False,0.30287669166539727
8421,1024,"[3164, 1470]",2,0.012222328239500835,512,512,512,adam,0.05839682851386047,True,0.218199939576968,0.0003744950199341063,0.5772588264223382,0.003274436223966092,True,0.15456688656761075,0.00046946867490056486,0.07599641542075765,0.02031471571054269,0.5077799040047358,0.001194556170167185,0.08415807980239362,0.005629112386206426,0.4904252029564447,0.15202989380496976,0.026106663341113244,False,-0.1440309868681861
8421,1024,"[3574, 4292, 1479]",4,0.05193931752476769,64,512,512,adam,0.0014990877228017285,False,0.0041852597868995214,0.005814927969856401,0.5292691589423512,0.22436864321626973,False,0.049125932371593115,0.023258482754482515,0.002448629452125973,0.026431402543538932,0.0060947672396763726,0.01179458881976447,0.00032775690073483834,0.0010370273703310955,0.0016030837914996895,0.0013753827585712398,0.0027994335261253183,True,-0.5212999079773142
8421,1024,[4380],5,0.07271663440708881,64,512,512,adagrad,0.017920797622484542,True,0.0004716058121320406,0.3841718631019753,0.0006776617308435118,0.2984986068981529,True,0.0004782547619410841,0.0010507387842962025,0.5755522275052267,0.0002347953675673979,0.00014808171797228687,0.00016049080539194655,0.19236460435707037,0.002421437856667209,0.27633557501945283,0.035290515405652624,0.00012712929720735245,False,0.05013969207823013
8421,1024,"[1984, 615, 4893, 471]",5,0.12332750131590947,32,512,512,sgd,0.00019559393018225285,True,0.0004113941331648186,0.00010850492471758296,0.7682940335820094,0.35193904763000206,True,0.020407796195751057,0.24081741481587174,0.7232281772488359,0.000873774233565903,0.7790108186859604,0.017884128939158483,0.608438152617877,0.0010495323534572755,0.007509958114517828,0.0978765494718368,0.10493316318036525,True,-0.2051477278678135
8421,1024,"[3392, 3804, 3361]",8,0.27842493951454744,512,512,512,sgd,0.059156845379095165,True,0.0002892996321367318,0.00012797480797813646,0.0037138244978243127,0.1662862908988818,True,0.0007259481949808097,0.40518246555665943,0.01210558604196585,0.001340928408012149,0.00020194176319419084,0.00026093626264841796,0.5335929032352689,0.00011142861064448885,0.016254836439084767,0.1450016679521354,0.00012324547168225165,True,-0.4545275874133036
8421,1024,[2251],3,0.013343773643864004,128,512,512,sgd,0.01661238071340513,True,0.02335665549154207,0.00011290832109149608,0.03779599250508779,0.007217784971027678,True,0.0617862939862723,0.1103590961475706,0.18445431675153756,0.004009753153026997,0.4119342639136158,0.00028343268587014515,0.003715556412618185,0.15984512766243256,0.00019862543974860018,0.006335472932502373,0.0011577939175072965,True,-0.2762705067626271
8421,1024,[3599],5,0.6358158453287891,512,512,512,rmsprop,0.03182784796163013,False,0.00419199649826533,0.21139443903320307,0.0029484082264834275,0.0014389314180139534,True,0.862597682244174,0.0008119760942534399,0.0018996322990162651,0.001990720974166228,0.2059874194452151,0.3955619493820239,0.0002860013612658177,0.00038908059746775787,0.002598556889931897,0.0005823282902502479,0.001134001090385715,False,-0.052068298386314604
8421,1024,"[1142, 748, 3996]",7,0.09237466137843736,512,512,512,adamax,0.0001232910105446102,True,0.0003069614133688971,0.001960316543003595,0.00015421434787050954,0.04910513414921307,True,0.19407138054170275,0.14224334595245308,0.09832229846409442,0.009365465734068067,0.0008072841030272106,0.00018037709932681992,0.3828333944202547,0.0005476857473424147,0.05719884158764485,0.02584125752007268,0.005854606064821096,True,-0.2640202377201961
8421,1024,"[4701, 1769]",2,0.09498472600389525,128,512,512,sgd,0.0014777123592334383,True,0.00021811353178580208,0.00045832279798190564,0.0008897187693263952,0.6008216485945069,False,0.0380160606615997,0.016493718027031447,0.0010334734464370447,0.07494495899631946,0.0005585820908791649,0.00038490723323715933,0.2741385003311266,0.0001912201394974714,0.00018207699078157436,0.0447570168559949,0.009789526090176451,False,-0.07611626731398036
8421,1024,"[3632, 2077, 2941, 1302]",7,0.010204817119892084,128,512,512,adagrad,0.288212765704057,False,0.037787477389812106,0.002651256120379332,0.13224399762603561,0.0002005970567222322,False,0.0010534305596500248,0.0014918305217436817,0.0008832515195321608,0.00014380723470667624,0.020925977650917894,0.15721987805287632,0.3027696278101547,0.48449420851486774,0.014309710483255573,0.36851334577218287,0.0004970837363228636,False,-0.11692934882043478
8421,1024,"[885, 4911, 1361, 1406]",3,0.01600285501787186,64,512,512,adadelta,0.0005494612111137878,True,0.00021828593461426684,0.09502043275537549,0.2717673166747926,0.012999481736575405,True,0.0013202817906008432,0.008643253875869623,0.0019611236294629296,0.0018616795806541296,0.05543734330916428,0.1968306957237421,0.8274215886287785,0.811566379081569,0.00032983250958152,0.009212076502095691,0.04958401060070816,False,-0.043815249398323916
8421,1024,"[1676, 4099, 1477, 3069]",7,0.04772086779647553,256,512,512,sgd,0.0001141773870896571,True,0.0010883578919986497,0.0011469879759662938,0.3234897683256206,0.1185698981393927,True,0.023629719329255852,0.010344894229099785,0.0007685704278143769,0.013828868142577415,0.07738694328685604,0.0019166584657939244,0.00034866354894869193,0.008203176168677538,0.001573214522849831,0.00045798870850400513,0.2337052920894014,False,0.06305905264803806
8421,1024,"[4141, 4855, 3027]",5,0.6657163046289528,128,512,512,adam,0.008163958621994889,True,0.00879956947351106,0.3968281456122239,0.009276165902022643,0.0017804549457394161,True,0.00028817125992510226,0.005509582208433805,0.0015954881999695966,0.01146502634689667,0.3453544529216509,0.6018222116893241,0.0003676148307666751,0.007287175842448623,0.000338414899739809,0.0002721745411864635,0.0013383750706496222,True,-0.165441156871754
8421,1024,"[2593, 1725]",2,0.14345012628835435,128,512,512,adam,0.07342092242338873,True,0.10480275635775321,0.012090305906886896,0.0018830642104152645,0.028876285844329705,True,0.00044577756775912705,0.0005062623116280394,0.21485500709770533,0.022878889808555944,0.0002501500502338685,0.00021701940504347542,0.11316448879103294,0.001380542717990489,0.03454143667128695,0.01245091488101949,0.5712680847737804,False,0.01791774648681235
8421,1024,"[425, 2477]",9,0.2587803859657162,32,512,512,adadelta,0.0011510912426466917,False,0.7963292455297372,0.25295120477924293,0.05771566147324465,0.01387272444908023,True,0.007604637423616939,0.0028268242123592286,0.016284991058156967,0.0067653680472453655,0.04750734703883546,0.09900388268716677,0.0007888007782005202,0.06585800984940107,0.8477969636804467,0.000995090744484523,0.06408080223436953,False,-0.13282149844375146
8421,1024,[538],6,0.16775394700049076,512,512,512,adamax,0.13034041555777512,False,0.09505295242812586,0.005069188405050525,0.000695772092421265,0.47228419887634815,True,0.196864058139639,0.007701801843773147,0.11345129361194638,0.0007667035155049831,0.00025205981029302035,0.08014966750769908,0.12723919888617374,0.17691818271177245,0.0009576966735512977,0.3735864557235038,0.00019999216740591874,False,-0.19965902657964027
8421,1024,[615],2,0.6648868801979907,512,512,512,adam,0.09588207917490482,False,0.6804244010251579,0.3140790725653388,0.017902290457127955,0.09745638784353905,True,0.0006461610051561053,0.06962946199859216,0.5339309245805763,0.00014546523685547117,0.04597568790591301,0.0030761417277144027,0.020808283636019446,0.0011015543596806028,0.002801830426484394,0.003782939625416399,0.18159990018816313,True,-0.15759691570536435
8421,1024,"[3496, 2494, 4952, 3749]",3,0.45099043843776676,512,512,512,adamax,0.0010170408494370987,False,0.042447920193299606,0.8953420401314025,0.18358179697067184,0.012443939987974564,False,0.0036558220100464836,0.07138465950770327,0.03457863388236234,0.034422225034190096,0.11149657876083778,0.04797306407142519,0.12809758441620628,0.020374914531964987,0.1425276933456787,0.3176205944667836,0.000808750924195144,False,-0.01905510069376441
8421,1024,[1312],7,0.010486686752792601,128,512,512,sgd,0.0007879469737350344,False,0.1597352263674456,0.00889849743307904,0.5891126195797242,0.0001097821847926984,True,0.16382640479133878,0.0004033746363718824,0.004661649407308087,0.00034292270207963554,0.0009039195966856721,0.0006010573898073603,0.26366178291536985,0.0006602316757310958,0.10168986948463303,0.058239149735133396,0.0006436516788902309,True,0.1620004473029691
8421,1024,"[621, 1617, 3661, 2126]",2,0.020108930341510324,512,512,512,adagrad,0.007589184666941477,False,0.000783012297937997,0.00048106551860908485,0.00016637092507431394,0.011307060459461163,True,0.0030898969567349907,0.006391134302374219,0.029052733142560735,0.3921858828653542,0.508244807436077,0.0168186504651643,0.008960619545411854,0.4515412905778477,0.08289767957959482,0.001255377167988163,0.0007249613416190912,True,-0.07281234436024726
8421,1024,[4472],8,0.01647558107384236,512,512,512,rmsprop,0.0010978169597649883,True,0.02425512344672804,0.18960880611371167,0.0025508891067166422,0.5408501464082323,False,0.0004563894794220423,0.007086154665613291,0.053731819347265605,0.038051644268120216,0.00199889498460089,0.041223279131221854,0.0037700772448585954,0.04588219361677118,0.6226579286706302,0.001114559710932972,0.16611788955781953,True,-121.77245685502044
